{"schemaVersion":"1.0","appDefinitionTemplate":{"id":"/providers/Microsoft.PowerApps/apps/","type":"Microsoft.PowerApps/apps","tags":{"primaryDeviceWidth":"1366","primaryDeviceHeight":"768","supportsPortrait":"true","supportsLandscape":"true","primaryFormFactor":"Tablet","showStatusBar":"false","publisherVersion":"3.24071.12","minimumRequiredApiVersion":"2.2.0","hasComponent":"false","hasUnlockedComponent":"false","isUnifiedRootApp":"false","sienaVersion":"20240719T092216Z-3.24071.12.0"},"properties":{"appVersion":"2024-07-19T09:22:16Z","lifeCycleId":"Published","createdByClientVersion":{"major":3,"minor":24071,"build":12,"revision":0,"majorRevision":0,"minorRevision":0},"minClientVersion":{"major":3,"minor":24071,"build":12,"revision":0,"majorRevision":0,"minorRevision":0},"backgroundColor":"RGBA(0,176,240,1)","backgroundImageUri":"/18157549381745102125/N0f45e054-7326-44cc-9d5e-045ce4b56d8f-logoSmallFile","displayName":"Task Tracking_Pradipt_Kalamkar","description":"This is a Task Tracking System Application","commitMessage":"Save app with description provided in publish dialog.","appUris":{"documentUri":{"value":"/18157549381745102125/N741e412b-d77a-4b30-a0f4-b35cedab1cbd-document.msapp"},"imageUris":[],"additionalUris":[{"isSolutionAware":false,"value":"/18157549381745102125/Nd1639ff9-60f7-4a62-82f6-8b3eb7d3b83d-identity.json"}]},"createdTime":"0001-01-01T00:00:00Z","lastModifiedTime":"0001-01-01T00:00:00Z","sharedGroupsCount":0,"sharedUsersCount":0,"connectionReferences":{"dd3b2afa-24ea-4890-b457-6bcc91835e6b":{"id":"e80393ce-7502-49a3-980a-0c37759ffd6c","displayName":"SharePoint","iconUri":"https://connectoricons-prod.azureedge.net/u/jayawan/releases/v1.0.1697/1.0.1697.3786/sharepointonline/icon.png","dataSources":["task management","RPA Data"],"dependencies":[],"dependents":[],"parameterHints":{},"parameterHintsV2":{},"isOnPremiseConnection":false,"bypassConsent":false,"dataSets":{"https://nyu0-my.sharepoint.com/personal/ppk2015_nyu_edu":{"dataSources":{"task management":{"tableName":"53339e98-c4cd-4f77-a24b-75b88dc8aa46"},"RPA Data":{"tableName":"6a93f56e-8a06-4838-8bd8-65a6d2db4246"}}}},"apiTier":"Standard","isCustomApiConnection":false,"actions":["providers/PowerPlatform.Governance/Operations/Read","providers/PowerPlatform.Governance/Operations/Write","providers/PowerPlatform.Governance/Operations/Delete"]}},"databaseReferences":{},"almMode":"Environment","performanceOptimizationEnabled":false,"canConsumeAppPass":false,"enableModernRuntimeMode":false,"executionRestrictions":{"isTeamsOnly":false,"dataLossPreventionEvaluationResult":{"status":"Compliant","lastEvaluationDate":"2024-07-16T09:24:21.6426845Z","violations":[],"violationsByPolicy":[],"violationErrorMessage":"The app uses the following connectors: ."}}},"appType":"ClassicCanvasApp","appComponents":[]}}